id,term,count
d60da1bd,Beat,37
5991bab0,Today,31
ea43e2b7,Such,73
03041b67,Reduce,49
ba741962,By,62
8538028c,Base,55
4efb8676,Cut,85
43df9066,Guy,81
92f0cfe1,Really,56
fd7feeaa,Pattern,16
10c4aa6c,Prepare,46
0608fa7d,Able,63
a9e0d67d,Music,32
c6a1fa63,Standard,73
40909e7d,Budget,97
70e613de,Approach,12
baae22d0,Network,17
9d744d53,Old,14
0c39411c,Ever,18
7fdee695,Sister,96
f1883151,Structure,55
98445e94,Section,84
2a97685b,Possible,32
54f74f57,Election,55
7fe2c333,World,1
5883299d,Thing,93
a593d046,Art,20
5776e2e3,Seat,40
e5661054,Eye,98
66bf8bae,More,63
1813671f,Plant,52
add16f32,While,96
cc79565d,Daughter,52
d98bd7be,Campaign,96
f35ae98b,Out,45
714e6ce0,Still,96
0a86f485,Church,84
9e5922c4,Affect,96
1fc54afa,While,42
873f8c9b,Others,22
350a57f3,Some,5
5f27532e,Behind,80
6fff561d,Energy,46
5fe030c9,Point,45
7b108c9b,Return,34
71d205ba,Art,84
aaf406b2,Every,90
a65204da,Seven,17
b9223bdb,Statement,80
58859fe6,Team,7
db4092ab,Concern,34
0bcc750f,After,24
6ec13781,Evidence,88
9dbb2ad3,Describe,64
70848022,Explain,9
120f94d6,Exist,89
089c4c80,Suddenly,47
138720f2,Until,35
095a03ff,Agent,57
8cd16bd0,Buy,20
5a4c61ee,Will,30
17cc9534,Offer,24
2301c6b3,World,25
fb028fd0,Well,50
5355c8bf,Push,89
3b0e90d8,Military,82
c02c6a05,Team,95
f24803ef,Laugh,44
9996de5f,Watch,85
95e58b31,Work,16
baacf98d,Between,63
d0d222fe,Itself,50
dd077f2b,Thousand,66
8f1bcc5b,Wife,11
9a1b5696,Thing,37
fd9dee1a,Clearly,52
7021a60e,Third,25
b55552ae,Then,67
525327a8,Data,15
10cda8c7,Rule,35
7a742985,Table,24
41f28c18,Sometimes,19
668e8404,North,25
c6408d6f,Make,77
167531d8,By,79
aa209394,Oil,31
999c64a8,Wall,17
32867156,Continue,67
1d4b7ec1,Chance,23
92b61a06,Everything,20
cebbea18,Parent,49
09655b56,Floor,66
65280d97,Lose,19
0e0129ea,Act,95
3030d1c8,Position,46
e331b7b1,Research,75
46de8c88,Film,46
2609f4f1,Something,54
a65c3e63,Audience,23
9cd5721b,Street,88
4440a0b6,Senior,96
d7e378ee,East,74
262a99f2,Wall,23
114d517a,Loss,64
5769b05a,Church,67
99736073,Process,80
fd7e211d,Around,3
621c06be,Size,2
0978d9b8,Detail,62
4e0e77cd,Night,59
66527668,Positive,97
40021b36,Summer,59
10a9b281,Table,89
d695e672,Politics,67
d368d0ee,None,100
06425ed1,Smile,100
d97ce362,Water,39
b8390e6b,Listen,78
1b863602,Smile,83
c0406645,Town,67
6af1942f,Experience,41
4d693c48,These,76
2e3297e8,Run,68
be736abd,Born,41
dcf2fdca,Media,20
7f752635,Development,42
ac8196e7,Down,77
5d028e06,Scene,70
cb3d84b5,Pay,32
1020b282,We,45
ee40dd64,Weight,90
a9412984,Attack,85
dd4bc117,Republican,28
34702215,Total,100
dc3adfa4,After,62
686f2029,Marriage,41
d8318048,Analysis,80
5fb61e4f,First,2
94b66fdc,Radio,27
16f1b6c1,Kitchen,10
8367a94b,About,98
e328d4f4,Still,100
a0481ca8,Range,90
6bb08326,Research,81
a04768b0,Various,21
13228b7b,Question,67
eda719fd,Yard,20
96f74c78,Now,37
ca2c747f,North,55
ac6ebb02,Mr,95
fe91c7ed,Add,45
057dc239,Anything,30
81e8c8a4,Southern,24
81b2b936,Question,25
129f3106,Agent,6
e692e012,Condition,76
bff91a1f,Toward,54
83894d8c,Girl,59
88f234c0,Area,54
003b9de9,Mind,98
ed922f6f,Throw,56
cc29f8bb,Smile,42
153cb227,Response,28
43b11f50,Discussion,75
d5bf3439,Apply,35
eedb68a3,Manager,36
28db7dea,Issue,91
a3394598,Admit,31
f2681ba5,Safe,100
523e7b46,Hope,37
6c6a68a3,Push,4
11eaed63,Sometimes,5
3eb01fb5,Into,32
2c771cb5,Move,20
6048eb73,Walk,55
ba2702a2,Range,83
b94d63ed,Rise,82
868d761a,Evidence,76
a8d41edc,Consumer,25
b944fc4a,Ever,12
3ca2cc80,Goal,11
f7332448,Future,43
7a513e29,Vote,73
fbe9fac8,Society,90
9af964c7,Expect,38
3bb8b257,Explain,72
d50ef489,But,90
611c674b,Item,51
2617db35,Effort,18
ed029b76,Reflect,75
b7a09d7e,Control,92
c7ad6110,Today,46
19c2109a,Head,71
c58aabdb,Though,43
46bfe603,Table,32
88eef812,Someone,58
55b63ec4,Will,43
d6840627,Watch,50
c641ecd6,Coach,87
05053a9d,Hotel,56
6afdba50,World,95
f773c1af,Grow,17
41eb01d0,Pressure,44
fde0446b,Feel,20
36225b38,Culture,66
1d904916,Answer,81
cf8997c7,Paper,57
c343d3a7,Successful,95
a0a1ea4e,Live,85
338107fa,Seem,15
bfc8b65f,Drop,34
cae9f0dc,Environmental,19
3e28572f,Business,71
562b028f,Score,73
ab7d60f8,Response,42
e0645d18,Serve,95
d59fe4fa,Floor,85
e287d04a,Finish,86
1711f67d,Will,35
27a99484,Throughout,74
5bf97026,Gun,93
9cb67410,Sure,76
bfd72bdd,His,51
074e56eb,Case,50
90319e27,People,5
047b6c5d,Word,92
f0fc4ee2,Remember,4
784b6786,Type,96
64b90892,Peace,97
0da69cd0,Tax,61
2b3d4043,Society,67
60d874c3,Notice,97
b2a901de,Nature,54
53edd08d,Same,1
71f80b92,Wind,46
76f51bc5,Pretty,51
16a58d2a,Foreign,13
d9cd74fe,Sure,79
b9885e5e,Assume,48
e73c58ba,Everything,23
0f640035,Feel,26
6a6e085f,Leader,36
71486d0f,Wide,91
ae2da7a6,Hand,48
216ab0c0,Rest,50
1f886d4f,Design,51
10f9924b,Career,74
563f26f0,Item,58
245fa651,Space,14
d3ea537f,Trouble,16
5e631dcc,Full,12
f1e35e2b,Side,12
0bfae9fc,Mission,43
b529f083,Scene,79
349f8129,Bed,29
19d3d21d,Game,73
b2e3ba78,Movement,9
99d2af6a,Tree,7
0beb8c6a,Discover,20
0d8f0cd5,Surface,73
2328acbf,Amount,14
8fa6087c,Go,12
bc6bf905,Professional,86
7d87620a,Operation,40
17ff7238,It,96
01280a69,Send,10
e64bbb52,Day,39
97fe141b,Top,79
432f7f55,Total,50
1767ecdb,Any,81
54eba4ea,Discuss,84
62719077,Include,2
5e0ba579,Team,84
153aa8ea,Pick,19
0530529e,Same,18
25182bb7,Above,85
44334637,Knowledge,36
8cfe505e,Sit,99
f8b50bab,Huge,80
2d2fbd74,Skill,69
110463a2,Month,90
f7ad6379,Moment,4
4054de7f,Anything,50
20041240,Charge,63
2cde54d3,College,28
9bf57b1a,Guy,31
72b336ef,Hear,75
73d7d992,Any,46
24daed81,Each,82
08dc52cd,Condition,95
99371930,Conference,74
dd933336,Camera,44
7f1f7779,House,73
a840c57b,Audience,72
2d547e39,Couple,98
349c0712,General,22
d873af96,Lead,11
bdec12be,Own,75
e2f13c9b,Sit,74
fa5ed1c9,Reflect,33
14719ae5,Purpose,52
15f1c1c3,Along,21
d624258e,Man,79
f8c4c469,Could,43
a56a7e70,Accept,52
f23b6f19,Event,59
4069012d,Think,73
c7a5f6de,National,78
ba6c3f28,Still,77
7f502cfa,Nature,57
63f1a2d1,Price,20
c0ab6fa7,Turn,87
488ded1f,Last,3
2cd5f120,Morning,74
5ece6802,Believe,65
9ffecd9a,Do,12
c0061cc0,Red,64
f3e86e72,Pay,39
4f06c4a1,Deep,54
c10723c8,Into,86
d5f35857,Card,60
d4898aae,Thus,46
f56041bd,Soldier,86
f8d5c920,Join,73
1b4b6ca7,Sing,32
1f412252,Very,84
f0f899e4,Family,44
0e7a9c5c,During,100
b33af2ee,Area,16
936a9085,War,60
db6293d1,Difficult,29
aada9175,Manage,5
6c575495,Detail,20
a645cfa2,Shoulder,52
42980040,Little,38
cb797ae3,Send,93
9fa0b440,Show,75
7d2056db,Audience,62
fa7b637c,Participant,52
e58670e4,Feeling,12
e0063fc6,Become,32
92f57b8a,Plan,46
276a422a,Husband,32
b95cf9bb,Product,27
8bcb4110,Throughout,89
6a767cc8,Large,61
7f9cd6bc,Only,58
ce3fa339,Give,96
30747389,Evidence,71
7574f6a2,Radio,53
e7c85d8c,Like,44
8e198b42,Receive,13
9ae23351,Into,6
77ed58e8,Happy,81
e9996f30,Kind,40
4a00f618,Run,37
40e29252,Media,54
a49bb425,Top,43
530ae524,Drug,2
c69cec1e,Discussion,59
300d51d1,Tend,66
ad821b67,Today,91
55b7b049,Give,55
7a44c386,Health,71
cfee0a3f,Scene,40
76666dda,Affect,62
bc4001b8,Role,89
78af7bda,Year,1
a88a9fcd,Consumer,14
fd16ccdb,Nearly,51
074d9eab,Raise,47
af20c746,Fight,87
90561ca8,Data,37
57962e71,Entire,67
050f87c3,Five,9
22ab5467,Find,73
c77eca4d,Question,48
24d50bce,Its,95
495eb04d,Soldier,31
1ce82946,Product,81
d3168721,Lead,64
a051c5e5,May,9
17eb61bf,Light,36
04b1dec7,Recently,17
ff6283f6,Individual,97
6edfbb50,History,62
e673e21d,Trouble,57
f1a28910,Town,82
0fdef6ca,Word,98
1b0d38d4,Commercial,73
ba02b6ae,Mind,51
25dc636f,Least,27
e35701ce,Fire,54
6f8159b4,Career,55
0843e695,Step,66
865008fd,Cultural,70
ea36f89f,Second,90
072b065f,Your,51
3950e669,Stand,43
9d2ed334,Civil,91
56527fd8,From,32
8c1d3f6a,Number,73
9e23232f,Rather,71
0964b8db,Last,34
5f79ddf2,Billion,55
625936fc,Old,52
864341e6,Yeah,86
5968932e,Half,32
430769b9,Deep,66
51ea457c,Part,14
be24bfaa,Democrat,45
d0ff9872,Better,60
d954cc59,Person,87
d783b592,Wear,38
126816cc,Your,60
ff0dcb78,Yard,59
35c56676,Level,41
c4cc78c9,Out,99
189da507,Marriage,45
084eb47d,Than,69
31ccf433,Argue,88
53c347b9,Enough,50
eabcca03,Increase,4
9c2a7803,One,54
18fab0c6,Break,100
b6783b7e,Body,65
45edd309,Trip,66
61f53fb0,Join,85
2bbbb035,Brother,77
aba694e4,Yes,48
30161c28,Story,25
1fa27059,Nature,20
dbfa59ac,On,14
fed86332,Arm,15
d58bff37,Fish,20
bf28e806,Itself,5
61ef45d7,Ever,58
665cd6cf,Break,45
359c2991,Long,8
11e4dba8,Five,61
d5ccd5b9,Girl,16
67c55630,Hundred,16
a186934c,Husband,63
1b4904b2,Right,21
1c193b51,Cut,66
77bf340b,Group,71
d8939775,Push,82
cd4cfa13,Inside,3
a77c6146,Husband,80
36ec6b83,Serious,15
67a799a6,We,63
138801b3,State,13
1df1f209,Speak,63
2a0da761,Great,54
76132fb7,Hold,100
81023749,Out,45
cdfd9c6b,Fear,46
ed4073b2,Project,96
ad6edbf9,Trip,83
3d2a9feb,During,8
1552dd16,Thank,3
33a751a7,Professional,25
233aea8a,View,96
5252e04f,Law,47
d4158f0d,Condition,25
6ad3f342,Manage,24
1276123d,Sing,24
114e593d,Report,60
30f2c53c,Bank,98
991c5295,Good,34
c221a13c,Least,75
ab0c1aad,Become,41
b2717d4c,Participant,23
d5beb1d3,Property,43
29e9cb50,Tax,2
557f111f,Democrat,3
b27e6d35,Camera,10
ff67374b,Food,13
70a5f0c5,Around,66
75035661,Street,52
7886b2e6,Article,23
a86a44e4,Most,88
768be0cf,Address,100
d98ee553,Wonder,97
f9a1f913,Travel,37
8eb18c5c,Enjoy,65
d5784efb,Fire,53
890f21ed,Out,15
bed95477,Reach,85
ac52d5af,Thank,7
405209d9,Citizen,100
f35b0b4a,Movie,96
90747d39,Spend,9
b6178725,Hold,39
baede072,On,18
d779f493,Under,82
f61a6f7d,Event,79
658c462b,Let,35
2da8dc17,Former,84
d446eb70,Maybe,30
8876f8c3,Notice,94
5b6ebb3d,That,10
d792d8e2,Heavy,59
7418f3a6,Final,42
b772d9dc,Last,9
d8c10edb,Season,31
51834bc5,Eye,70
b80b4c6c,Several,52
22d44bec,Mrs,19
7a3ca6b4,Yourself,28
85c6fc47,Purpose,74
4039ed21,At,63
489891a6,Doctor,21
884ea88e,Medical,45
85084db7,Yes,41
6887c108,Hair,74
385ba4cf,Camera,33
711f5bcb,School,80
79b86c00,Create,24
5c81d703,May,12
40002d11,Like,47
1b620363,Country,21
62f319e7,Fact,76
1bb7f122,Pass,52
702f85c0,Occur,74
e232ac7c,Number,91
1fef9b16,Arrive,6
09d0158b,To,24
4b635c86,Economy,80
2111bdc7,Sport,4
0c31f4ea,Space,70
3d755c4e,Term,72
6137c1c2,Because,42
89d5b5c4,Back,20
e87f02fa,Administration,6
b605f6c0,Possible,93
0d5bac68,Strong,29
6129afa4,Population,63
b7bd3811,Take,24
0686eaa4,Point,40
6a197e5b,Price,39
3f987a15,Test,26
69314fa8,Film,76
179cb090,Treatment,59
8150ecec,Husband,12
3a915d69,Lay,48
9cb07fcc,Coach,74
00e5ccee,Leader,89
cfc6b16e,Player,75
89bfca07,Different,23
dee219e1,Remember,71
dd58c683,Return,85
7ea130d5,Never,93
618c8b43,Choice,62
d43cf7e5,Term,31
cb385952,Myself,71
ce30a1e5,First,78
b1cebcaa,Buy,26
fe9ba831,Speech,80
8f970fa0,Listen,41
811243b6,Anything,85
4101d084,Military,100
535c3765,Center,17
7ffa4977,Dark,80
cf395f4d,Instead,78
a9b7ab07,When,91
1f111f3e,Meeting,82
1c236cb0,Accept,26
6dd7249d,Everything,88
4d6fcb4e,Open,46
32ba2e62,Open,71
a9e04ebc,At,47
64208141,Structure,4
ca2e86be,Soon,8
c222c77a,Stop,61
5a87ffef,Explain,33
05137901,Fill,84
33607cbd,Our,43
31130378,Process,39
c10b83ed,Treatment,24
7505908e,North,56
684851da,Indicate,87
69f34c8f,Direction,74
d6d28e18,Nation,100
37e71cac,Month,85
e0c223fd,Religious,14
7b172091,Perform,46
b4e95eb7,Ahead,44
57563152,Ahead,44
a3fb18e4,Range,86
bc87f705,Person,17
165dd562,Car,91
46587611,Drop,61
2e7b2c3b,Several,19
3b9433a3,Coach,72
16fbbc49,Join,52
ec4eaf3c,Modern,39
32c0531c,Might,84
58383419,Have,64
9fcda560,Issue,31
1bbbd927,There,14
67ee1975,Run,4
b6c89784,Push,20
bff3a163,Daughter,35
d1d32cd4,Of,96
2622a639,Tree,11
a04e965b,Especially,71
57babc0a,Already,50
6d0ba8f3,Price,94
89a8bab0,Could,63
b6d3e366,Entire,5
cf3be44e,Alone,92
934da636,Include,38
c0615cb5,Magazine,25
3d9f433f,Several,14
615ee508,One,91
6f782824,Feel,7
af99839b,Deep,64
f8a25f21,Type,9
0e8854d7,Kid,75
06227886,Sense,9
59e68c77,Claim,44
646fb6bb,Between,9
ce5a4375,Public,45
6ba3d175,Film,18
0dc159d3,Agree,30
5166091b,What,23
36d22648,Back,45
cc2a7c26,Tv,74
0b77806c,Yes,66
5e7700f3,Make,4
906c39e9,And,15
22c2933e,Model,96
f804ac8a,Thousand,50
7e56a8e1,Both,99
8bdc1487,Rather,82
458aa84d,Deal,42
9197bf52,Two,99
9ddeacdb,Sure,66
99f90d5f,Usually,66
337c84b6,Within,62
2a5db4d6,Pattern,86
4f99d2e3,Grow,64
add4d0fd,Than,71
e19c3953,Participant,54
c7800b51,Manager,43
7b8a1259,Identify,100
dd500afe,Size,57
5d3fb9c9,Cultural,12
baa5966a,Religious,11
b39924e7,Boy,63
bbefaa4f,Drop,64
1e6a502a,Mr,47
e539dbc0,Rest,63
ea8f39cf,Work,89
e9877789,Before,88
d2807bdf,Financial,16
cbd1a49d,Life,94
0570885e,Political,39
bd6ac2b9,Force,64
257d832a,Bar,73
817bb620,Group,28
7c23ed13,Himself,31
8f7b59ad,Return,94
5313174a,See,66
a918ab89,Especially,92
16025e74,Her,100
aa461195,Again,3
ce112592,Pay,53
16b0f29f,Really,49
c67c2020,Remain,69
9ea4e501,Party,19
f0a9df5b,Event,70
4a90997f,Too,65
e92107c8,Treat,85
c41fef02,Loss,22
f6c259d0,Sister,10
a1bd9679,Into,74
0a3f110f,Marriage,99
5e69db9d,Court,59
0aa9eeb2,Show,57
d0c0782a,On,3
cdbc54fa,Data,52
798bf29d,Him,16
0d7c48b1,Also,57
29e45941,Guy,58
d2f99036,Meeting,58
ae3245b1,Company,55
06754801,Real,68
5be2fe03,Recently,4
65a9be78,Whether,25
6587369a,Window,28
08d699bc,Better,16
d8301576,Turn,76
93714738,Pressure,15
60a9f29a,Sound,12
9ba90944,Care,17
ebe63d4c,Together,95
e49fb94c,Start,44
6903b49f,Body,4
c65af375,Scientist,39
48f450a7,Effort,37
22d2d6cb,Science,94
860d07d2,Though,16
f405e926,Condition,61
c6dfe5fa,Animal,97
9974627b,Amount,55
d8779eef,Capital,95
fb631854,Child,5
7b610c5e,Oil,57
cbfd0eb5,Between,13
0edcaa04,Listen,66
d6df71f6,Market,45
57b0eafb,Thus,8
c4d92cbc,Floor,73
247efe5f,Must,86
0b8ff9ab,Work,98
e1063767,Ever,32
d7bb9f05,Born,35
e756d276,Really,51
624d0937,Town,30
8a426173,Hand,7
181c5938,Nation,26
a8bad7c1,Wear,94
1de01452,Prove,1
dc2510e2,Cell,78
f6ea0c96,Describe,84
0dac2d6e,Relationship,33
a2c62fab,Evening,92
cc9935f5,Science,73
7549c8d0,Computer,5
bc00622c,Show,49
67393720,Once,68
d9dc3bb5,Gas,89
724d86dd,Four,23
dd1f34ef,Letter,17
877888b7,Son,68
911c76b9,Suddenly,8
e551a88c,Put,87
cb341eee,Road,43
fac4dfe6,And,22
978e67b1,Statement,64
631977e7,Official,48
8d688441,Stand,9
5941b7b4,Couple,62
043278cb,Drop,21
73627367,His,18
f3ceaa5a,Air,44
fb23f74b,The,96
1a91f530,Method,7
ecba6bb1,Allow,6
36b466e2,Run,20
f61de7c9,Size,26
eec54284,Draw,90
12006f6e,Beat,25
3fafcf9f,Make,12
87617160,Art,44
f114ef7c,Glass,88
dc2e2105,In,19
05fe2373,Ask,26
0b77754d,Page,64
e6518ed6,Stay,84
d02f705d,Item,19
c2e6125d,Several,29
b855e974,Story,39
4f592c43,Value,30
22f99884,Series,73
026a548b,Dog,34
bcaab3dd,Long,41
8445251b,American,32
5302d264,Nice,38
acde0fa0,Improve,67
abb673a2,Enjoy,94
a3ff06ec,Marriage,4
517d23df,Even,62
06767982,Team,74
9351c160,Let,57
619b9bba,Difficult,15
340a2f22,Last,13
e0f3d830,Yard,96
0673dfbd,None,90
d2ee96c9,Begin,81
1ff51c05,Red,99
c978b9fb,Then,31
015c79f6,Smile,85
996f84b9,Decision,34
24f7220a,Manager,43
25849576,President,74
e1319718,Someone,43
f52da2bf,Where,81
2b218927,Type,83
f91399f5,All,88
a15f3b04,Type,68
4d0313a6,Deep,35
d281dcb4,Sister,86
0ae64eda,Key,98
b9a8e674,Skin,52
691a3856,Bring,66
ecedd845,Machine,36
c1839eca,Close,99
1c9d110a,Us,32
449f5440,Worry,55
31b8e85d,Certainly,78
c8ef8355,Contain,92
7081ad29,College,46
d8838bb0,Direction,34
fc9840ca,Change,18
509a5fa0,Night,16
d72011d3,Prove,38
06c160fd,Morning,26
564bd861,Political,15
b4243369,Image,45
1ce7d9e5,Reach,32
fd8959f5,Red,56
9d697b08,Paper,90
64a8c156,Mission,2
79e84839,About,72
cce47e85,Later,24
37de74d3,Have,67
7d335071,Yard,86
d996a701,Check,68
88793a20,Appear,89
23bcaef9,Allow,86
98a465f8,Sure,99
13c83928,Year,96
d657e759,However,10
6f69ed6b,Rock,22
e26e3c87,Value,43
0df3a569,Protect,69
17221eab,Exactly,78
5c1b48bd,Much,35
4da402bc,Democratic,71
33a8c18f,Result,90
8581e38b,Investment,54
18c6fc59,Yes,70
731b6899,Less,89
b88a7d33,All,65
8fa10681,Reduce,6
5bbfde74,Police,10
fc1c9f6c,Fear,95
abe16b48,Right,77
be52679b,We,97
ce672262,Quite,77
2e825d94,Your,37
783f44f2,Ready,81
18316217,Project,31
7641283c,Commercial,8
2e360864,Forget,27
57664c0a,Smile,18
e334764f,Discussion,72
002f5616,Course,99
124bc99c,Fill,41
b94a6a59,Central,52
4a48e7a4,Rock,5
27166cc4,Process,41
03362ab2,That,35
7568c6d1,Each,29
56e98e27,Whether,72
337f6dd9,Stand,27
fb8f8da7,Step,81
59d4c07a,Over,81
cabc72ad,Us,63
09137484,Second,2
deeec3d3,Course,42
e7a416e2,Hundred,62
bc9a26a5,Western,92
4479c80b,Generation,19
0e351006,Light,90
f7d55333,Home,62
810945ea,Over,87
db42a4ce,Rock,19
806f316f,Campaign,47
3e9f10dd,Whether,23
30a2a3f0,Tax,81
a3079467,Argue,73
2bcee98f,Even,69
e4347448,Speak,97
496042fb,Middle,17
256f55b8,Bring,7
9f35aa1e,Picture,100
d5f4b5cc,Cultural,81
a6122a72,Such,45
2d70102d,Exactly,64
b643b1fd,Black,21
0902dc63,Glass,50
5b65b964,Build,100
1a8bad1c,Watch,63
ecb51388,Life,76
b1326955,Whole,40
4965eec7,Analysis,48
fb27ebe8,Set,24
05c5cf04,What,100
2a57d97a,Another,15
2e32c8de,Work,7
286a6a72,Imagine,61
b0730475,Former,71
252bc0c5,Happy,99
492dcf77,By,52
9ee5e6a2,Southern,13
46709861,Skin,56
28f6fce1,There,95
974eb298,Worker,12
b34e2ece,Establish,65
3c7cdbc1,Deep,10
f6a45cf4,Lose,45
55f2b91b,Moment,58
497975b1,Debate,97
a2f6c221,Set,2
66837251,Chair,26
b9acfa0d,Clearly,32
b71e2a2b,Task,13
959a50d8,Line,11
69d7b2ff,Break,5
6e4964c7,Expert,65
3de01d41,Brother,39
770a3fc0,Billion,77
f2a56d23,Make,3
158473ff,Cultural,53
60c90946,Test,19
6bde8d83,Than,55
0246390a,Number,75
7b28da04,On,64
f2c25958,Two,12
dd19270b,May,99
7c5eebb3,Party,40
811901cb,Name,1
48046a8f,Write,3
4c18443e,Chair,57
135e702c,Hotel,83
43575400,Model,79
0fb965f8,Into,65
5688e77c,Future,91
c6349ebb,Response,28
12659744,Save,52
92227416,Husband,36
2a06b982,Represent,68
45c95a11,Natural,29
1950343f,Tv,78
dc731a09,Prevent,98
06b47a27,Law,69
5184f7c8,Draw,99
15bb19df,Cause,56
f1b242a2,Wear,94
9fd1cd38,Parent,24
cd7a642f,Base,26
7eb2aab9,Room,51
f0b3b5f9,Beautiful,11
4ee7deb2,Address,32
14b40cd3,Point,51
546eae09,South,50
08492cc3,Discuss,85
78169109,Class,65
b752ae0d,On,19
2eab01be,Positive,32
6aff000c,End,52
301cedfd,Body,57
2a0b43fb,As,90
fafddc90,Statement,99
edd17d58,Million,37
9564233e,Voice,83
9342fe0e,Push,18
4589e9e3,Future,10
eabee998,Tax,50
5ad7c357,Camera,53
e793a303,Body,78
770090c7,Set,56
4bed9653,Any,24
13c828b6,Lawyer,1
04928d85,Woman,4
3dc01f55,Party,16
2f0c1603,Movement,12
4a921737,Mother,70
1022dbfe,Area,19
b9cc36be,Ever,20
a21c6f7d,Car,67
da462a9d,Kid,81
dd62cc79,Go,97
02ee3381,Soon,87
e42c78dc,Perform,89
e52a8f79,Hotel,41
03b36e01,Democrat,20
866f4545,Occur,94
d9e5eaa7,Wall,10
c232e92c,Accept,49
ce5d1a04,Indeed,81
c828ac99,Open,28
233d52ab,Mother,78
d4815c06,Instead,26
4751dc28,Both,100
5e305b6d,Away,87
be9550b6,Forward,23
f11155ac,Young,95
35b18a30,Both,98
86066b08,Size,83
1e783c0a,Investment,92
45254b76,Exist,91
7e459659,Line,76
59c8dafc,Hope,6
66bb9138,Break,98
ce063d2d,Man,54
a16a6e7e,Again,19
b4e68c50,Leg,76
579fc801,Debate,48
5cfdbf69,Dream,89
d05047c4,Treat,18
c9389d8e,Artist,4
be743803,Manager,2
1e9413d7,Easy,83
61748b32,Go,56
06612166,Various,18
f1b1af3c,Respond,32
6f69b0fd,Glass,88
a36c2624,Me,70
2ffffe9a,Tend,62
5c14c52a,Oil,100
fddd544a,Tell,81
70924d16,Chair,10
609e67fc,Mean,65
eba7fa0d,Article,60
3bc58f46,Break,35
da9dc25f,Science,44
cf77e5d6,Rise,1
44fc980a,Himself,12
8944d621,Consider,53
2fba2022,Give,66
1b3161ed,Chance,78
4e776fd3,Much,82
3e32ddb5,Million,24
793ccba1,Strong,51
8c43c43e,Win,79
b7eb05f5,Election,60
25ca0e88,Admit,51
f49ed213,Left,100
8f7bdcb4,Kid,79
b0ea85ff,However,92
0f804499,Debate,96
c79df886,Discuss,71
d8dcbbd0,Blue,55
8a87f8f9,Perhaps,43
dd421c86,Another,45
2c101f84,Dinner,7
5de35362,Trip,16
e0ad6daf,Above,87
3747411e,About,49
8411bcc5,Each,80
afb83719,Traditional,78
fe3763ab,Sit,3
9de86094,Sure,76
c870d940,Capital,20
b27f3d62,West,69
a2af7730,Improve,83
7c359b74,Spring,5
dc0a424c,Word,47
646b0643,Politics,80
0439f742,Late,23
06ff3682,Leg,98
c6801f0d,Detail,29
da3ff2fd,Care,17
6cd6c3fd,Part,28
059b89ba,Law,12
be760e37,Yet,88
43765134,Finally,17
7e9dc9bc,Popular,3
948757b4,Chance,98
28a1acd5,Watch,27
6408792e,Firm,80
50a60275,Dream,10
15196be5,Three,45
38d57e31,Your,93
c8913461,Else,34
dfa80f95,Family,24
2caf7406,Issue,81
53df1be2,Sing,45
cfac17d6,Level,64
f94d9e82,West,12
dd97237e,Rock,71
7cd222f2,Family,57
ac6f527c,Maybe,78
cf918c10,Consumer,20
646302aa,Save,81
3768a580,Many,98
f7f09590,Peace,2
c2ed0263,Event,37
20f5b3f6,Author,42
73ea9cf6,Upon,10
6215c0bb,Series,38
12f4fafb,Charge,20
a0a035c2,Do,94
37083722,Pass,79
6f28c431,Push,24
c2b63d59,Former,48
effc46b8,Point,14
5e6268d9,Common,70
4d91e300,Other,71
3f666698,Woman,77
a5108932,Minute,73
3fa53971,Prove,27
00a4b2aa,Seven,76
977f7d26,Ahead,49
fa8efb8d,Tell,20
a10d5f99,Indicate,29
608bdf4e,Into,61
30e1b2b5,Take,58
dda4d70c,Choice,40
3160d064,Society,71
96dcaa89,Upon,64
88c71a78,Staff,9
ef6a7a36,Watch,59
18ae2f67,Available,38
b4ea217a,Eye,79
9856b29f,Join,44
e2873156,Sound,59
7387c4f1,Perhaps,99
a2b07f76,Meeting,27
7b1dff0b,Choice,99
7739c2a6,Take,1
0ebfcf8d,Seat,90
349c5e35,Which,27
4eebd131,Work,43
5179be0e,Agent,4
ecbd402e,Worry,37
4fbba88b,Road,92
134a93c3,Bed,97
0a521910,Own,36
3f8f8fe3,Feel,44
10b259f8,Present,19
4efe3413,Consumer,49
068703ba,Record,57
62b8ecf7,Civil,18
e989dd63,Act,29
88db52dc,Thousand,41
f1e2f10a,Game,42
334ed1de,Grow,43
e816eb92,Book,2
b7ea4c64,During,36
3762be84,Soldier,43
c82014e2,Book,6
45b93b51,Draw,20
297004c9,Positive,77
c88d1b48,Current,58
a418dd0d,Half,47
c9d34407,Either,47
cc4db595,Crime,42
0b513f29,Price,70
4df3080a,Little,76
7d465cc1,Garden,45
ce15c8e5,Never,5
1bf6240c,Still,31
a2cde9bd,Hundred,74
a416605d,Last,94
27d69a7e,Student,32
598fc2d5,Level,81
50807d45,Letter,77
9bb3d159,Hard,26
5b94bedf,Under,43
6736fba6,Quickly,24
6bb8273c,Company,53
9e88c623,Himself,97
f22d6e7a,Past,61
b4b24963,Where,20
92e91487,Writer,80
a15495b7,Operation,87
714c5bb9,Family,47
5f9141b5,Thousand,57
83d69aa9,Movie,91
49df64b5,Choice,76
fb873e8b,Coach,73
f6e76786,Consider,10
e552e59f,Set,40
76a124c5,Follow,93
74028484,Data,96
d0a1612b,Arrive,15
6c52181a,Store,58
ea7a4525,Spend,97
d337a550,Training,49
929d32e2,Entire,97
da3fec24,Suggest,11
80ee4a8a,Cost,17
bd2fc928,Set,87
f12c9b02,Your,35
638935ee,Science,95
3bd67861,Agent,33
df2eff41,Want,88
90da61ba,Right,79
17938525,Present,42
1cc4b1a6,So,24
894af457,His,88
93841b4c,Vote,72
9485622f,Push,5
f501e011,Out,45
246e82c3,Include,79
3882083d,About,37
93672faf,Think,15
809e2484,Environmental,79
c8ee73a7,What,97
e5c0a338,Bag,3
c7a6604e,He,15
8dae67a4,Stock,8
81e83cd4,Audience,69
5f80e286,Its,16
c785ab4b,Nation,39
5ea11095,Want,39
301da5d4,Direction,69
ab92587e,Line,53
6b4abbf4,Response,91
252181d2,Radio,6
3bb1c2f1,Big,10
6eafde2c,Yet,19
4d5de8f8,Air,34
f6c8c886,Hospital,62
4c0b98de,Issue,33
1781a2eb,Leader,28
a9015e35,Medical,39
ff927902,Music,30
645ff902,Care,91
329d883b,Five,56
b5535d44,Community,87
d96e526d,Would,22
232b5b6e,Bar,51
8e030c0a,Together,46
9d343d37,Itself,41
aa6c21ab,Window,19
e13e2798,Ahead,4
76b183ec,Move,87
5db0ab2c,And,89
4cc16808,Visit,2
c209d78f,Whom,50
2d12b026,Out,98
98794508,Analysis,6
d0205ab6,Anyone,96
bcc72e2c,Prevent,84
81c63e50,Other,97
612bdf1d,Population,79
e9fa4c49,Trial,18
da39592b,One,63
04f7bbc7,Paper,59
607d78c7,Everything,84
995ad113,Movement,52
4d276f0b,Product,52
2ec7af74,Clearly,27
dbee8aee,I,100
ea2e2fe2,Respond,68
fe13c7ca,Single,99
507d9e2e,Single,48
45f950ad,Point,24
42df44fc,Account,98
6909d47d,Always,1
c0a89421,Matter,27
1b58f8b0,Before,8
b3f4e7d9,Also,11
d7ab6135,Difficult,10
36ffc9b8,Girl,22
73c2c85f,Exactly,85
91ea29d2,Unit,90
bbf3f5a4,Party,60
fa57ec15,Else,59
51dd6318,Their,71
53aadb1a,Activity,52
ab765996,Better,96
3eafb6b2,Board,76
964df8a7,Adult,32
25b45cfb,Eye,91
6e3d0b45,Health,76
5a27736a,Piece,80
f0eafa0e,Now,98
a2154e3d,Physical,5
e851a785,Heavy,82
21616bfc,Herself,70
260f1104,Make,76
4e527770,Ball,43
fb44f87d,Especially,80
0f706f63,Much,55
d415d89a,War,45
825e02a0,Treat,94
5e0430ff,Show,86
c5aacc27,Red,19
9a75ead9,Stuff,95
9ad053cb,Financial,93
93be0df5,Site,19
2ee61458,Professor,31
e2701d10,Until,63
825b60d1,Eye,13
e03557f1,Our,1
e0b48e2b,Morning,72
20f23040,Make,16
8c158fa1,Value,35
0aa775cf,Culture,31
9e38590a,Environment,52
628c8a70,Air,49
87d3ef0c,Put,8
595a5a9a,Common,27
b0c28c90,Explain,70
f3152119,Heart,84
5fa96008,Although,65
fb587523,All,12
7d9078d1,Set,45
a4d63a2f,Trade,32
edb387f7,Black,53
18bdab4f,Represent,85
0364d3d4,Woman,22
5c1a16ec,Long,3
7494ff70,Sport,12
2e605255,Wife,1
4e931852,Civil,22
6b964959,Republican,2
770763c7,Beat,10
3407d211,Authority,63
0d5c9913,Enough,58
860ca744,Talk,84
1a4bcfc6,Important,44
0bd59f1d,Card,67
15b21a95,Article,25
3e622ee3,Environment,47
98671de2,Authority,68
a40835ec,Peace,90
9aa30ab3,Beautiful,18
385428d3,Born,33
cfc2153a,Behind,3
949d306d,Number,31
616aae4e,Pattern,51
0e1f7df8,Laugh,96
da8a20b7,Lay,81
3a7bc139,Trouble,79
7112f33d,Bring,26
9fb822ea,Imagine,58
5306dfaf,Set,67
7277c5a2,Blue,6
15715b5c,Reduce,60
52d17927,Training,71
be244c97,See,39
1f9cca7c,Cold,61
e983755a,Hot,70
2ad88efc,Sense,40
1d7532cf,Officer,87
0c9ad1e7,Government,11
ce22f30d,Lead,29
bb5a80e8,Design,82
37c27ba1,Up,57
d15a40f7,Shoulder,24
f6e893ae,Ready,67
1f9b1fd0,Congress,49
43a42770,Food,92
f635f222,Training,85
f6876a45,Cultural,92
8b1e15c0,Suggest,54
494ebcfe,Opportunity,56
5a3a44ae,His,70
2acbe554,Media,29
03071008,Conference,16
b979851f,Identify,24
06108e44,Side,2
59e30030,Represent,13
0e608e9c,May,91
9338b542,Set,51
529b4111,Very,85
e940aebd,Travel,16
523641fe,Leg,76
a8938acd,Daughter,70
c635ab47,Sea,6
c81ee4b4,Between,25
db38ce63,Everything,11
91ff62a1,Country,42
4f216635,Ground,61
303316ce,Serve,31
97af7ddc,Gas,20
ed2aabe4,Consumer,47
f2598943,Pull,10
4e1624c8,Nor,31
346db279,Because,98
286035ad,Young,42
e1c8caac,Increase,68
daff6306,Movement,81
89bfca1e,Himself,81
5aedf3e3,Offer,66
a55e8634,Skin,58
6c95a475,Myself,45
e2ae11df,Practice,73
da5e94e0,Wide,46
13a9d847,Window,65
5dfa6ada,Go,23
4a3afdc9,Ready,35
0acfe69b,At,55
ff079bbc,Reach,78
557992d6,Evening,15
8da4d90c,Say,100
704f32b3,Still,11
3bb6d0e2,Draw,99
31cf9809,Report,43
e020fb4a,Nor,24
abe37be7,Occur,97
dfe48e56,Now,43
3a9e1dae,Around,66
52bc08fe,Keep,34
d81fa7ea,Kitchen,83
d433b7fc,Though,65
474321f7,Computer,91
1ef1061d,Himself,98
d6230d62,Develop,26
d2454fb2,Set,98
b2ffd498,Kitchen,37
7c6df6bd,Help,18
a548316c,Well,37
957ad784,Sport,27
f5379193,Plan,75
6cd59f77,Total,7
fcc78258,But,29
bec36da5,Guy,23
b7fcb7e7,Might,66
6630845b,Actually,66
74427289,Something,1
aef86026,Series,43
ecc60068,Animal,31
1a2dcfa5,War,44
8d43c432,Treat,79
608bef7c,Skin,21
e7eb0f1c,According,62
85a55cb4,Hospital,38
c0bfb036,Show,31
21301924,Affect,79
907ed88f,Notice,67
3f4b18e9,Record,20
0a95ef96,Power,92
097f4d5a,Change,30
0be8a473,Available,6
279e24a2,Meet,22
3a797340,Above,91
2a72838c,Major,39
eb99a226,Process,82
57ce19d5,Each,84
00345f84,Option,29
d95b383f,Total,63
83a09c61,Into,46
973c45f6,Firm,78
3a29cb59,Ask,82
bcab43f6,Then,87
d5dbf747,So,62
9f494eab,Own,71
24ba5dcc,Once,98
37cfeada,Forget,64
7250b480,Gas,71
2f254d9e,Car,3
a7a89fe2,Law,78
9dc877e1,Whole,48
50f8d7dd,Four,48
6d0b9f99,Plan,95
b85e2ade,Police,7
b0db9f13,Thousand,84
cdee30e7,Build,91
a40c509f,Field,55
72c11c5a,Just,72
196a1b19,Bar,73
f01c4a53,So,21
a9f040e7,Economy,75
828c7fb2,Win,2
02485532,Paper,13
fbaf555b,West,51
76878001,Close,93
064de32e,Several,39
3251a44f,Tend,81
1c85ca15,Recent,60
2823ee75,Amount,22
cdba4812,Wonder,76
eb18acf5,Letter,51
62ac84ee,Nation,69
71b5b2f5,As,57
fbe28c2f,Full,15
b6e85067,Science,24
8240df8b,Great,50
a542a633,Decade,82
bfa5d96d,Once,91
148807c6,Material,38
a664cff4,Nor,92
0e934a01,Sing,100
23ae9e5b,Do,52
801202a9,Economy,95
fdc0bac8,Resource,51
f9645dde,In,44
a4765157,Will,47
4c74283d,Determine,43
d22d9bbc,Focus,33
84d073da,East,62
5e50c72f,Most,63
99227a55,Term,39
58563c88,Throw,77
f883f10a,Add,42
41f012c7,Enter,27
6984893c,Often,79
fda83b64,Base,87
b58a1574,Already,76
6fbeaeb2,Thank,95
6ab4f4f8,Capital,76
69fc3a29,Admit,49
481af44a,Position,3
f0340277,Control,52
0f693503,Property,87
3ab4c519,Expert,39
5ae79c5c,Base,21
7db4665f,Cost,46
53486870,Up,73
fe5d53ee,Fast,69
02e0fd15,Represent,88
5238b8a0,Focus,100
1aa8f55c,Least,44
c557b46f,Him,58
860789f4,Term,85
17db5949,Major,6
fb3b5361,Product,22
19849960,Meeting,39
8e059a49,Sport,31
31c4605d,Contain,44
ff6061d9,Program,41
26c6c64c,Set,65
3be4e2d0,Rather,22
a79cae7f,Environmental,86
3b2a1848,Wide,53
c01dc970,Together,58
ddeab80d,Available,83
b36f5158,Civil,66
4c6f0ce9,Almost,76
7ffed248,Position,1
b95f6602,Cut,57
5d433e63,Close,4
113de1de,Discuss,35
173e1489,Sea,14
b729d299,Successful,7
8de185ea,Watch,6
7d5d9e3f,Save,86
3f0a20bb,Also,30
894e8dfd,Majority,66
e6597ac6,Relationship,13
f66373bd,Between,3
483ac299,Hospital,39
48858cab,Game,98
0fbe2991,Significant,23
c822ba02,Crime,82
5152454c,Activity,68
f74ee29b,Support,20
213fd420,Beautiful,13
9115c33c,Medical,32
fec7c159,Station,33
c55cd250,That,70
7d48b1b0,Institution,16
460b3b49,True,71
59e69b11,Yard,8
10f0e052,Memory,83
3f94141f,Last,2
5bb46240,Knowledge,15
1d6d333b,Explain,19
061ec28a,Him,33
84a07774,Foot,47
cf739502,Ready,46
088d1c79,All,2
dcf58362,Without,36
84bcd046,Group,33
15f23dac,Think,65
e7958514,Thing,11
28dcfac5,Build,89
86e156a9,Itself,47
53fe263f,Where,58
42e4689f,Exist,74
4dddc075,Throughout,68
c2e2c468,Race,43
5208286a,Explain,55
c458542d,Good,31
25ce1d45,Camera,67
a144dd7e,Protect,79
73b52993,Mr,64
8fad84ad,Administration,34
1923681d,Play,51
6006ce68,Relate,99
155ca329,More,44
33277b6e,Could,93
145f476d,Letter,20
45a4dae3,Meet,76
906f3225,Business,6
c9dd60a4,Politics,62
b2b8cade,Draw,49
d9502aa6,Moment,69
c645c6b6,Investment,94
cffd81e5,More,17
b83321d7,Fall,64
80ad1382,Arrive,97
ef22ed23,Manager,26
70d6dcde,Keep,94
0b9fdce2,Exist,27
bc4a91b6,Why,60
e66f509f,Operation,76
3ac3fbc2,Use,91
dde9184b,Study,77
8cf783aa,My,21
cb29e654,Trade,28
c1d23cb6,Investment,60
11549053,Bag,66
364b635a,Before,85
b7ed3538,Couple,45
e0f582da,Visit,2
d4a86f2a,Impact,100
d7544e0f,Station,97
5c3ffc41,Poor,16
f5db1b27,Parent,91
55c7e3a0,Animal,84
3e151d3e,Under,54
1f638da9,Heavy,78
32659f98,Less,43
a59c9108,Man,28
5ca214f3,Entire,57
8cffffbb,Film,37
1ac1c6e3,Sport,82
19d60a2a,Watch,23
cab04a17,Plan,38
88ddc381,Arm,43
2c7513f0,Responsibility,20
56bd96c8,State,69
ae940bc9,Beautiful,44
50cf5a0f,Create,20
f235c539,Civil,90
880135a6,Economic,51
de9f87ac,Avoid,57
b8bed926,Big,33
d92d376d,Appear,10
be1b1ce9,Outside,91
80c66a23,Opportunity,12
0fb26fdb,Treat,15
efbf36e4,Many,64
b7a4c781,Turn,77
aea1afbd,Trial,85
77b94e5c,Her,58
93a4ba43,What,22
58b8675e,Without,59
7fb8db7f,Nearly,95
d97d92c7,Dinner,16
01b87795,Believe,33
52207078,Difficult,33
7530a28f,Black,43
3b2f7e08,Adult,40
2feeae86,Pull,15
198fa780,Capital,19
76d95ce8,Record,33
1d7225ce,What,77
1fa99d51,Now,53
a1466f2f,Own,91
a11b80ef,Exactly,44
ca423689,Follow,7
9cdcf8bb,Strong,69
3c72f1ea,Significant,25
b1a5a392,Fund,86
713a0c5c,Least,98
71d59a1e,Manage,85
7f3bf174,Market,74
edb9f6b7,Discuss,85
0835974a,Hotel,88
575fbdfd,Cultural,64
7d1ac32a,Various,36
da29614d,Operation,45
16b34b41,Respond,100
d3a01520,Available,76
b530a62f,Citizen,92
1d43832e,Exactly,47
196a9e0a,Single,70
de3b246a,Learn,89
2adbec39,Sing,1
ea2f7fe1,Decision,38
3588f2da,Key,71
5b18c9af,Soldier,67
b2f70295,Apply,12
73710df0,Continue,36
f0b3e9a8,Indeed,29
20ff9d5a,Speak,45
d32ae564,Century,61
3174461a,Lay,89
795110d8,Thank,92
55c70741,Different,100
7fa78e99,Nice,24
5ff05750,Benefit,87
003b26c9,Police,77
50791762,Almost,89
639f4f37,Than,36
d2ed35d8,Deal,24
8ff7f856,None,86
ef1b1ef3,Degree,68
50a3aa03,By,56
44043e0e,Public,49
fa412fd8,Weight,85
16c96148,Church,72
29322461,Number,89
9ac199af,Court,2
e13bfbe8,Few,25
b22b4b5e,Down,27
7a58b8d3,Leader,93
855fb711,People,87
41fd652a,Floor,95
ff43f9ed,Data,63
964b4b67,Quickly,50
1ef9d3de,Two,7
8a3fd72b,North,89
41dbbc79,Senior,24
ae60a531,My,30
a05e4346,Usually,17
5a880cd5,Thank,35
bd7cb64e,Ready,77
2fdf4116,Into,58
e36dcb68,Few,55
9b101f14,None,37
5d1b60d2,Whether,48
ec6b0a8f,Season,59
87c3dc29,Animal,9
ccc3d56a,Research,66
26b13233,Several,79
0b311cfb,Usually,69
0ba1465c,Hotel,17
75080c8e,Tree,100
57075797,Try,6
b38b6506,A,35
e8673d6d,Other,49
7077eb67,Population,80
9c39d720,Tree,98
f794ce34,Person,41
3c0a17ac,Pull,97
a7919f78,Start,51
9a910458,Place,66
b0876165,By,19
f28aa093,Involve,47
bc407157,Our,26
c77f205b,Gas,67
3c98c4f1,Be,21
7590edef,Financial,12
f3c5198e,Break,49
901704dc,Trial,43
b6b02197,Area,14
7f836b5d,Follow,19
ea50f523,Every,71
ace7369d,Suggest,92
e7e2462e,Only,100
6ae99497,Course,47
fffc50d3,Camera,83
1a462ecb,Assume,71
7c287fcd,Position,91
61f29ffd,Quite,56
1819f6f4,Challenge,88
d7bfc738,Item,41
483bd56b,After,42
0ff33828,President,90
f54e90f5,Research,70
f0dff3cb,Sit,54
d3484604,Deal,20
82045626,Response,55
03a54b11,Car,50
4e340f41,List,20
021a8c42,Into,29
f8896a89,Center,86
e5ffb67d,Tv,99
63dec134,Stay,92
e554c1cd,Why,58
ff712dd2,Water,30
9d443d60,Person,19
2b43b30f,Effort,8
da947e53,Light,52
d8ead120,Floor,28
da89bb2e,Order,57
7bd4d0a5,Beat,98
89fe6c82,Mr,58
8dd479b1,Might,30
5420bea1,Walk,49
5c18c07b,Trouble,37
2d343874,Economic,63
8e775630,Consider,9
c2ed534c,Chair,44
5dd33dfa,Range,34
f5256c93,Professor,71
6dc7ec92,Option,16
9b8a28fd,Ability,52
0c528785,Affect,3
e933fa23,Part,55
1c90bd57,Thought,59
a576f50d,Just,94
565e1383,Civil,75
3ae1a5fa,Deep,99
d63b80cf,Already,68
57a81c2a,Treatment,86
ab3a25c3,Four,75
5f98e951,Yeah,63
d6284fb9,Paper,33
9f11295c,Top,16
e4819091,Test,4
215c2006,Police,86
83146da6,Street,18
545fe8ea,Republican,75
a44368db,Concern,74
ce674f88,Try,10
79207bfb,Goal,26
542d2fa0,Increase,42
7ddee7b2,Child,69
8acf0db8,Later,77
dda34e1c,Reduce,48
fac6a2c2,Take,97
1adb5536,Politics,37
989b6b4a,Image,13
102f2ec2,Middle,18
c734e76e,Old,48
cce4c0c6,Each,90
f17b0de4,Case,17
239c37c0,International,93
14072cd3,Visit,6
c5610aee,Animal,42
b03c96a0,Water,65
cdc820d1,Stock,4
90ca2a83,Project,3
29883c32,Hour,10
428de5c8,Treatment,27
40df8bd7,Song,8
180dcdf2,President,7
66a91e20,Travel,87
ecf66152,Person,25
2ab586b7,Road,12
b19641d0,Second,61
ecaea4e0,Want,53
9faa5e32,Garden,71
ac136f40,Cultural,92
3f5860b4,Forget,22
ef162da4,Hope,84
fc34761f,Cultural,54
6b9cb584,Hair,24
13d44cfd,Help,31
1090c99b,Fill,31
2a9f076e,From,88
5d0b5c24,Day,98
3cf5d5dc,Both,96
104abe53,Much,53
35b0e846,Hospital,15
0c1b9035,Because,20
79bb0dc3,Blood,1
8bc524a9,Spring,67
2a81f326,Imagine,64
42d927f3,Case,18
3cc15a0e,Prevent,79
5f38093a,Very,93
72364850,Make,70
3044027e,Trial,98
aba846fc,And,57
b65f9bb9,Beyond,90
7af36356,Stock,99
eed2b1ea,When,57
e66b042b,Behind,17
d35b152f,Organization,46
2335aee1,Design,83
ed8aead1,Student,50
3492bd08,Building,9
ac06e641,For,50
86df2e27,As,36
5ac33661,Over,29
9db6e468,Federal,2
0975f72d,Century,9
5c30af9f,Shoulder,64
0805c709,Operation,52
0301329e,Parent,99
5cae8c2f,History,1
09906992,Difference,78
e75547b8,Majority,42
d46aadfb,Even,7
ec1e0223,International,70
8e0f7931,Now,68
2e8be1d1,Race,13
ad2700d5,Political,45
b6ec21ca,Agree,80
afa1132f,Always,67
ff87a09d,Fall,80
92778441,Entire,26
dd3de787,Myself,73
9d336e5b,Drive,10
6296c8bb,Different,74
fa477968,Everybody,84
683a118f,Yard,83
8a546e99,A,50
6fc0b2a9,Left,81
512bf1bb,Sure,4
a3d31200,Provide,95
263aa479,Expert,50
4d7c31d5,Little,58
32d7f68c,Single,38
df97d146,Federal,98
c4472196,Population,18
7a26b4a2,Seek,67
ce0de83e,Something,46
4f48221b,Someone,3
2fe20014,Current,48
6c47adff,Moment,10
d1b4f1f5,President,3
ddcd15fe,Example,18
c2562c4f,Risk,100
2be0413c,Small,43
6757490d,Get,86
56be85f5,Study,40
5fde64b7,Between,21
5abaf73b,Pretty,69
f4209c34,Property,32
05e4c24a,Budget,54
0b407bbf,Then,2
8c13a172,Guy,83
d184cfa7,Side,1
03c7dd0a,Offer,88
d242dab2,Democrat,79
78e60817,Thought,62
0d52321f,Agreement,31
37dbd520,Mother,65
f8ec4418,Plan,90
fafca8d4,Exist,76
366c2204,Adult,78
36b502cc,Grow,62
c4422008,Voice,30
2383d75d,Type,34
3fdf7583,Travel,39
26afa988,Step,44
4fdda83f,Civil,13
103b2c52,Thus,9
8970b444,Assume,89
1c27d17e,Again,4
35762635,Cold,9
e0d97d83,Few,71
b3fe2d84,Wide,32
0664777d,School,98
5e45fa2d,Way,17
bc03dbc7,Skin,60
38af4da6,Drive,58
25bd45f8,Single,50
2f27ed21,Cell,54
7431ce16,Believe,45
140942da,Tell,91
260b1c72,Perform,56
2573cde7,Rule,35
81b52f36,Three,91
fcb3b360,You,16
31e4334e,Billion,75
cf3ed7ac,Short,79
1b73998d,Same,7
15c5ec81,Cause,45
325b0aa8,Stand,82
014ad3aa,Rise,16
1c9b131e,Level,97
a1c266be,Face,81
356ea999,Information,77
a46e08d9,Three,78
bab0a862,According,13
8015c9dd,Appear,39
23e74919,Piece,32
ea191d4a,Structure,10
5832c87c,Why,38
49a8ae38,Identify,43
90233d9f,Early,99
e3c708cc,Itself,9
cb7a5f79,However,97
8dbe4da5,Thought,57
35b3d025,Company,90
96f80a28,Manager,28
8967d398,Activity,93
0270ef85,Assume,64
aba606ee,Call,85
e5f1db5f,Technology,61
f0e35b8b,Image,33
30912b4b,Husband,12
3c027a4f,Data,55
b7043063,Moment,51
dfb4605e,Identify,39
aef4bb9a,Society,61
bc1205f4,Common,82
3daa2489,Leader,84
e9285835,Single,21
c31ca2a5,Care,96
e6e81211,Keep,53
3e576cb0,Sport,3
1c76d1c6,Yourself,24
8b5064ed,Someone,15
4dacbbe8,Both,95
633aa25c,Business,28
d25f19cb,Piece,84
6e9f31ea,Purpose,63
de92f8f3,Never,91
75d1bb36,Must,92
3d907b30,Also,43
c0490bc5,Impact,21
f5d298d5,Safe,40
ba26c0c1,Travel,100
5ccb3bea,North,73
f562a7b8,Stock,69
af66c88b,So,16
b4b85a36,Blood,100
1051c35e,Be,3
ab14b5e3,Stand,95
f1c73774,Trouble,43
059f27d0,Teacher,57
cb66b8e3,Team,23
23484eef,Mind,7
e41de282,Market,21
fd4b2fc7,Focus,76
f814314c,See,48
7e2c809b,Value,85
ad81ff27,Structure,57
f5dc12b6,Professional,23
076b4fa7,Individual,8
c82a10ab,Office,47
c2cff083,Early,6
